order_id,order_date,city,category,quantity,unit_price,status
1001,2026-10-01,Karachi,Electronics,1,5000,completed
1002,2026-10-01,Lahore,Clothing,2,1500,completed
1003,2026-10-02, karachi ,clothing,3,1000,COMPLETED
1004,2026-10-02,Lahore,Electronics,1,8000,cancelled
1005,2026-10-02,Islamabad,Electronics,2,2500,completed
1006,2026-10-02,Karachi,Clothing,1,2000,completed
1007,2026-10-03,Karachi,Electronics,1,3500,pending
1002,2026-10-01,Lahore,Clothing,2,1500,completed
1008,2026-10-02,Lahore,Clothing,-2,1500,completed
1009,not-a-date,Karachi,Electronics,1,1000,completed
1010,2026-10-02,,Clothing,1,1000,completed
1011,2026-10-02,Islamabad,Electronics,1,not-a-price,completed
1012,2026-10-02,Karachi,Clothing,1,1000,delivered
